page,cluster,priority,primary_keyword,secondary_keywords
about-us.html,trust-corporate,P2,"metal tubular products metal tubular products","METAL TUBULAR PRODUCTS, METAL TUBULAR PRODUCTS metal tubular products, global industrial supplier, quality and technical support, international supply capability"
arc-welding-service.html,service-testing,P2,"arc welding service testing service","Arc Welding Service, Arc Welding Service service, Arc Welding Service testing service, industrial testing services, quality inspection services, global supplier, stockist, exporter, manufacturer, metal tubular products"
blasting-and-painting-service.html,service-testing,P2,"blasting and painting service testing service","Blasting And Painting Service, Blasting And Painting Service service, Blasting And Painting Service testing service, industrial testing services, quality inspection services, global supplier, stockist, exporter, manufact"
contact-us.html,conversion-contact,P1,"contact industrial pipes supplier","contact metal tubular products, rfq pipes tubes fittings flanges, global industrial supplier contact, project inquiry"
cutting-service.html,service-testing,P2,"cutting service testing service","Cutting Service, Cutting Service service, Cutting Service testing service, industrial testing services, quality inspection services, global supplier, stockist, exporter, manufacturer, metal tubular products"
epoxy-cutting-service.html,service-testing,P2,"epoxy cutting service testing service","Epoxy Cutting Service, Epoxy Cutting Service service, Epoxy Cutting Service testing service, industrial testing services, quality inspection services, global supplier, stockist, exporter, manufacturer, metal tubular prod"
fittings-and-flanges.html,product-category,P1,"fittings & flanges supplier","Fittings & Flanges, Fittings & Flanges supplier, Fittings & Flanges stockist, industrial piping products, project procurement, global supplier, stockist, exporter, manufacturer, metal tubular products"
grades/API-5L-X42-Pipes-Stockiest-and-supplier.html,grade-product,P2,"api 5l x4 pipes supplier stockist","API 5L X4 Pipes, API 5L X4 Pipes supplier, API 5L X4 Pipes stockist, API 5L X4 Pipes exporter, API 5L X4 Pipes manufacturer, API 5L X4 Pipes price, global supplier, stockist, exporter, manufacturer, metal tubular product"
grades/API-5L-X46-Pipes-Stockiest-and-supplier.html,grade-product,P2,"api 5l x46 pipes supplier stockist","API 5L X46 Pipes, API 5L X46 Pipes supplier, API 5L X46 Pipes stockist, API 5L X46 Pipes exporter, API 5L X46 Pipes manufacturer, API 5L X46 Pipes price, global supplier, stockist, exporter, manufacturer, metal tubular p"
grades/API-5L-X52-Pipes-Stockiest-and-supplier.html,grade-product,P2,"api 5l x52 pipes supplier stockist","API 5L X52 Pipes, API 5L X52 Pipes supplier, API 5L X52 Pipes stockist, API 5L X52 Pipes exporter, API 5L X52 Pipes manufacturer, API 5L X52 Pipes price, global supplier, stockist, exporter, manufacturer, metal tubular p"
grades/API-5L-X60-Pipes-Stockiest-and-supplier.html,grade-product,P2,"api 5l x60 pipes supplier stockist","API 5L X60 Pipes, API 5L X60 Pipes supplier, API 5L X60 Pipes stockist, API 5L X60 Pipes exporter, API 5L X60 Pipes manufacturer, API 5L X60 Pipes price, global supplier, stockist, exporter, manufacturer, metal tubular p"
grades/API-5L-X70-Pipes-Stockiest-and-supplier.html,grade-product,P2,"api 5l x70 pipes supplier stockist","API 5L X70 Pipes, API 5L X70 Pipes supplier, API 5L X70 Pipes stockist, API 5L X70 Pipes exporter, API 5L X70 Pipes manufacturer, API 5L X70 Pipes price, global supplier, stockist, exporter, manufacturer, metal tubular p"
"grades/ASTM-A105 Screwed & Forged fittings-Stockiest-and-supplier.html",grade-product,P2,"astm a105 screwed & forged fittings supplier stockist","ASTM A105 Screwed & Forged fittings, ASTM A105 Screwed & Forged fittings supplier, ASTM A105 Screwed & Forged fittings stockist, ASTM A105 Screwed & Forged fittings exporter, ASTM A105 Screwed & Forged fittings manufactu"
grades/ASTM-A106-Pipes-Tubes-Stockiest-and-supplier.html,grade-product,P2,"astm a106 pipes & tubes supplier stockist","ASTM A106 Pipes & Tubes, ASTM A106 Pipes & Tubes supplier, ASTM A106 Pipes & Tubes stockist, ASTM A106 Pipes & Tubes exporter, ASTM A106 Pipes & Tubes manufacturer, ASTM A106 Pipes & Tubes price, global supplier, stockis"
grades/ASTM-A179-Carbon-Steel-Pipes-Tubes-Stockiest-and-supplier.html,grade-product,P2,"astm a179 carbon steel pipes & tubes supplier stockist","ASTM A179 Carbon Steel Pipes & Tubes, ASTM A179 Carbon Steel Pipes & Tubes supplier, ASTM A179 Carbon Steel Pipes & Tubes stockist, ASTM A179 Carbon Steel Pipes & Tubes exporter, ASTM A179 Carbon Steel Pipes & Tubes manu"
"grades/ASTM-A182-F1 Steel Flanges-Stockiest-and-supplier.html",grade-product,P2,"astm a182 f1 steel flanges supplier stockist","ASTM A182 F1 Steel Flanges, ASTM A182 F1 Steel Flanges supplier, ASTM A182 F1 Steel Flanges stockist, ASTM A182 F1 Steel Flanges exporter, ASTM A182 F1 Steel Flanges manufacturer, ASTM A182 F1 Steel Flanges price, global"
"grades/ASTM-A182-F1-1 Screwed & Forged Fittings-Stockiest-and-supplier.html",grade-product,P2,"astm a182 f1 screwed & forged fitting supplier stockist","ASTM A182 F1 Screwed & forged fitting, ASTM A182 F1 Screwed & forged fitting supplier, ASTM A182 F1 Screwed & forged fitting stockist, ASTM A182 F1 Screwed & forged fitting exporter, ASTM A182 F1 Screwed & forged fitting"
"grades/ASTM-A182-F11 Steel Flanges-Stockiest-and-supplier.html",grade-product,P2,"astm a182 f11 steel flanges supplier stockist","ASTM A182 F11 Steel Flanges, ASTM A182 F11 Steel Flanges supplier, ASTM A182 F11 Steel Flanges stockist, ASTM A182 F11 Steel Flanges exporter, ASTM A182 F11 Steel Flanges manufacturer, ASTM A182 F11 Steel Flanges price, "
"grades/ASTM-A182-F11-1 Screwed & Forged Fittings-Stockiest-and-supplier.html",grade-product,P2,"astm a182 f11 screwed & forged fitting supplier stockist","ASTM A182 F11 Screwed & forged fitting, ASTM A182 F11 Screwed & forged fitting supplier, ASTM A182 F11 Screwed & forged fitting stockist, ASTM A182 F11 Screwed & forged fitting exporter, ASTM A182 F11 Screwed & forged fi"
"grades/ASTM-A182-F22 Steel Flanges-Stockiest-and-supplier.html",grade-product,P2,"astm a182 f22 steel flanges supplier stockist","ASTM A182 F22 Steel Flanges, ASTM A182 F22 Steel Flanges supplier, ASTM A182 F22 Steel Flanges stockist, ASTM A182 F22 Steel Flanges exporter, ASTM A182 F22 Steel Flanges manufacturer, ASTM A182 F22 Steel Flanges price, "
"grades/ASTM-A182-F22-1 Screwed & Forged Fittings-Stockiest-and-supplier.html",grade-product,P2,"astm a182 f22 screwed & forged fitting supplier stockist","ASTM A182 F22 Screwed & forged fitting, ASTM A182 F22 Screwed & forged fitting supplier, ASTM A182 F22 Screwed & forged fitting stockist, ASTM A182 F22 Screwed & forged fitting exporter, ASTM A182 F22 Screwed & forged fi"
"grades/ASTM-A182-F5 Steel Flanges-Stockiest-and-supplier.html",grade-product,P2,"astm a182 f5 steel flanges supplier stockist","ASTM A182 F5 Steel Flanges, ASTM A182 F5 Steel Flanges supplier, ASTM A182 F5 Steel Flanges stockist, ASTM A182 F5 Steel Flanges exporter, ASTM A182 F5 Steel Flanges manufacturer, ASTM A182 F5 Steel Flanges price, global"
"grades/ASTM-A182-F5-1 Screwed & Forged Fittings-Stockiest-and-supplier.html",grade-product,P2,"astm a182 f5 screwed & forged fitting supplier stockist","ASTM A182 F5 Screwed & forged fitting, ASTM A182 F5 Screwed & forged fitting supplier, ASTM A182 F5 Screwed & forged fitting stockist, ASTM A182 F5 Screwed & forged fitting exporter, ASTM A182 F5 Screwed & forged fitting"
"grades/ASTM-A182-F9 Steel Flanges-Stockiest-and-supplier.html",grade-product,P2,"astm a182 f9 steel flanges supplier stockist","ASTM A182 F9 Steel Flanges, ASTM A182 F9 Steel Flanges supplier, ASTM A182 F9 Steel Flanges stockist, ASTM A182 F9 Steel Flanges exporter, ASTM A182 F9 Steel Flanges manufacturer, ASTM A182 F9 Steel Flanges price, global"
"grades/ASTM-A182-F9-1 Screwed & Forged Fittings-Stockiest-and-supplier.html",grade-product,P2,"astm a182 f9 screwed & forged fitting supplier stockist","ASTM A182 F9 Screwed & forged fitting, ASTM A182 F9 Screwed & forged fitting supplier, ASTM A182 F9 Screwed & forged fitting stockist, ASTM A182 F9 Screwed & forged fitting exporter, ASTM A182 F9 Screwed & forged fitting"
"grades/ASTM-A182-F91 Steel Flanges-Stockiest-and-supplier.html",grade-product,P2,"astm a182 f91 steel flanges supplier stockist","ASTM A182 F91 Steel Flanges, ASTM A182 F91 Steel Flanges supplier, ASTM A182 F91 Steel Flanges stockist, ASTM A182 F91 Steel Flanges exporter, ASTM A182 F91 Steel Flanges manufacturer, ASTM A182 F91 Steel Flanges price, "
"grades/ASTM-A182-F91-1 Screwed & Forged Fittings-Stockiest-and-supplier.html",grade-product,P2,"astm a182 f91 screwed & forged fitting supplier stockist","ASTM A182 F91 Screwed & forged fitting, ASTM A182 F91 Screwed & forged fitting supplier, ASTM A182 F91 Screwed & forged fitting stockist, ASTM A182 F91 Screwed & forged fitting exporter, ASTM A182 F91 Screwed & forged fi"
grades/ASTM-A192-Carbon-Steel-Pipes-Tubes-Stockiest-and-supplier.html,grade-product,P2,"astm a192 carbon steel pipes & tubes supplier stockist","ASTM A192 Carbon Steel Pipes & Tubes, ASTM A192 Carbon Steel Pipes & Tubes supplier, ASTM A192 Carbon Steel Pipes & Tubes stockist, ASTM A192 Carbon Steel Pipes & Tubes exporter, ASTM A192 Carbon Steel Pipes & Tubes manu"
grades/ASTM-A213-T11-Tubes-Stockiest-and-supplier.html,grade-product,P2,"astm a213 t11 tubes supplier stockist","ASTM A213 T11 Tubes, ASTM A213 T11 Tubes supplier, ASTM A213 T11 Tubes stockist, ASTM A213 T11 Tubes exporter, ASTM A213 T11 Tubes manufacturer, ASTM A213 T11 Tubes price, global supplier, stockist, exporter, manufacture"
grades/ASTM-A213-T12-Tubes-Stockiest-and-supplier.html,grade-product,P2,"astm a213 t12 tubes supplier stockist","ASTM A213 T12 Tubes, ASTM A213 T12 Tubes supplier, ASTM A213 T12 Tubes stockist, ASTM A213 T12 Tubes exporter, ASTM A213 T12 Tubes manufacturer, ASTM A213 T12 Tubes price, global supplier, stockist, exporter, manufacture"
grades/ASTM-A213-T22-Tubes-Stockiest-and-supplier.html,grade-product,P2,"astm a213 t22 tubes supplier stockist","ASTM A213 T22 Tubes, ASTM A213 T22 Tubes supplier, ASTM A213 T22 Tubes stockist, ASTM A213 T22 Tubes exporter, ASTM A213 T22 Tubes manufacturer, ASTM A213 T22 Tubes price, global supplier, stockist, exporter, manufacture"
grades/ASTM-A213-T5-Tubes-Stockiest-and-supplier.html,grade-product,P2,"astm a213 t5 tubes supplier stockist","ASTM A213 T5 Tubes, ASTM A213 T5 Tubes supplier, ASTM A213 T5 Tubes stockist, ASTM A213 T5 Tubes exporter, ASTM A213 T5 Tubes manufacturer, ASTM A213 T5 Tubes price, global supplier, stockist, exporter, manufacturer, met"
grades/ASTM-A213-T9-Tubes-Stockiest-and-supplier.html,grade-product,P2,"astm a213 t9 tubes supplier stockist","ASTM A213 T9 Tubes, ASTM A213 T9 Tubes supplier, ASTM A213 T9 Tubes stockist, ASTM A213 T9 Tubes exporter, ASTM A213 T9 Tubes manufacturer, ASTM A213 T9 Tubes price, global supplier, stockist, exporter, manufacturer, met"
grades/ASTM-A213-T91-Tubes-Stockiest-and-supplier.html,grade-product,P2,"astm a213 t91 tubes supplier stockist","ASTM A213 T91 Tubes, ASTM A213 T91 Tubes supplier, ASTM A213 T91 Tubes stockist, ASTM A213 T91 Tubes exporter, ASTM A213 T91 Tubes manufacturer, ASTM A213 T91 Tubes price, global supplier, stockist, exporter, manufacture"
grades/ASTM-A213-T92-Tubes-Stockiest-and-supplier.html,grade-product,P2,"astm a213 t92 tubes supplier stockist","ASTM A213 T92 Tubes, ASTM A213 T92 Tubes supplier, ASTM A213 T92 Tubes stockist, ASTM A213 T92 Tubes exporter, ASTM A213 T92 Tubes manufacturer, ASTM A213 T92 Tubes price, global supplier, stockist, exporter, manufacture"
"grades/ASTM-A234-WP1 Butt-Weld Pipe Fittings-Stockiest-and-supplier.html",grade-product,P2,"astm a234 wp1 butt-weld pipe fitting supplier stockist","ASTM A234 WP1 Butt-Weld Pipe Fitting, ASTM A234 WP1 Butt-Weld Pipe Fitting supplier, ASTM A234 WP1 Butt-Weld Pipe Fitting stockist, ASTM A234 WP1 Butt-Weld Pipe Fitting exporter, ASTM A234 WP1 Butt-Weld Pipe Fitting manu"
"grades/ASTM-A234-WP11 Butt-Weld Pipe Fittings-Stockiest-and-supplier.html",grade-product,P2,"astm a234 wp11 butt-weld pipe fitting supplier stockist","ASTM A234 WP11 Butt-Weld Pipe Fitting, ASTM A234 WP11 Butt-Weld Pipe Fitting supplier, ASTM A234 WP11 Butt-Weld Pipe Fitting stockist, ASTM A234 WP11 Butt-Weld Pipe Fitting exporter, ASTM A234 WP11 Butt-Weld Pipe Fitting"
"grades/ASTM-A234-WP22 Butt-Weld Pipe Fittings-Stockiest-and-supplier.html",grade-product,P2,"astm a234 wp22 butt-weld pipe fitting supplier stockist","ASTM A234 WP22 Butt-Weld Pipe Fitting, ASTM A234 WP22 Butt-Weld Pipe Fitting supplier, ASTM A234 WP22 Butt-Weld Pipe Fitting stockist, ASTM A234 WP22 Butt-Weld Pipe Fitting exporter, ASTM A234 WP22 Butt-Weld Pipe Fitting"
"grades/ASTM-A234-WP5 Butt-Weld Pipe Fittings-Stockiest-and-supplier.html",grade-product,P2,"astm a234 wp5 butt-weld pipe fitting supplier stockist","ASTM A234 WP5 Butt-Weld Pipe Fitting, ASTM A234 WP5 Butt-Weld Pipe Fitting supplier, ASTM A234 WP5 Butt-Weld Pipe Fitting stockist, ASTM A234 WP5 Butt-Weld Pipe Fitting exporter, ASTM A234 WP5 Butt-Weld Pipe Fitting manu"
"grades/ASTM-A234-WP9 Butt-Weld Pipe Fittings-Stockiest-and-supplier.html",grade-product,P2,"astm a234 wp9 butt-weld pipe fitting supplier stockist","ASTM A234 WP9 Butt-Weld Pipe Fitting, ASTM A234 WP9 Butt-Weld Pipe Fitting supplier, ASTM A234 WP9 Butt-Weld Pipe Fitting stockist, ASTM A234 WP9 Butt-Weld Pipe Fitting exporter, ASTM A234 WP9 Butt-Weld Pipe Fitting manu"
"grades/ASTM-A234-WP91 Butt-Weld Pipe Fittings-Stockiest-and-supplier.html",grade-product,P2,"astm a234 wp91 butt-weld pipe fitting supplier stockist","ASTM A234 WP91 Butt-Weld Pipe Fitting, ASTM A234 WP91 Butt-Weld Pipe Fitting supplier, ASTM A234 WP91 Butt-Weld Pipe Fitting stockist, ASTM A234 WP91 Butt-Weld Pipe Fitting exporter, ASTM A234 WP91 Butt-Weld Pipe Fitting"
grades/ASTM-A234-WPB-Butt-Weld-Pipe-Fittings-Stockiest-and-supplier.html,grade-product,P2,"astm a234 wpb butt-weld pipe fitting supplier stockist","ASTM A234 WPB Butt-Weld Pipe Fitting, ASTM A234 WPB Butt-Weld Pipe Fitting supplier, ASTM A234 WPB Butt-Weld Pipe Fitting stockist, ASTM A234 WPB Butt-Weld Pipe Fitting exporter, ASTM A234 WPB Butt-Weld Pipe Fitting manu"
grades/ASTM-A312-TP-304-Pipes-Tubes-Stockiest-and-supplier.html,grade-product,P2,"astm a312 tp 304 pipes & tubes supplier stockist","ASTM A312 TP 304 Pipes & Tubes, ASTM A312 TP 304 Pipes & Tubes supplier, ASTM A312 TP 304 Pipes & Tubes stockist, ASTM A312 TP 304 Pipes & Tubes exporter, ASTM A312 TP 304 Pipes & Tubes manufacturer, ASTM A312 TP 304 Pip"
grades/ASTM-A312-TP-304H-Pipes-Tubes-Stockiest-and-supplier.html,grade-product,P2,"astm a312 tp 304h pipes & tubes supplier stockist","ASTM A312 TP 304H Pipes & Tubes, ASTM A312 TP 304H Pipes & Tubes supplier, ASTM A312 TP 304H Pipes & Tubes stockist, ASTM A312 TP 304H Pipes & Tubes exporter, ASTM A312 TP 304H Pipes & Tubes manufacturer, ASTM A312 TP 30"
grades/ASTM-A312-TP-304L-Pipes-Tubes-Stockiest-and-supplier.html,grade-product,P2,"astm a312 tp 304l pipes & tubes supplier stockist","ASTM A312 TP 304L Pipes & Tubes, ASTM A312 TP 304L Pipes & Tubes supplier, ASTM A312 TP 304L Pipes & Tubes stockist, ASTM A312 TP 304L Pipes & Tubes exporter, ASTM A312 TP 304L Pipes & Tubes manufacturer, ASTM A312 TP 30"
grades/ASTM-A312-TP-310-Pipes-Tubes-Stockiest-and-supplier.html,grade-product,P2,"astm a312 tp 310 pipes & tubes supplier stockist","ASTM A312 TP 310 Pipes & Tubes, ASTM A312 TP 310 Pipes & Tubes supplier, ASTM A312 TP 310 Pipes & Tubes stockist, ASTM A312 TP 310 Pipes & Tubes exporter, ASTM A312 TP 310 Pipes & Tubes manufacturer, ASTM A312 TP 310 Pip"
grades/ASTM-A312-TP-316-Pipes-Tubes-Stockiest-and-supplier.html,grade-product,P2,"astm a312 tp 316 pipes & tubes supplier stockist","ASTM A312 TP 316 Pipes & Tubes, ASTM A312 TP 316 Pipes & Tubes supplier, ASTM A312 TP 316 Pipes & Tubes stockist, ASTM A312 TP 316 Pipes & Tubes exporter, ASTM A312 TP 316 Pipes & Tubes manufacturer, ASTM A312 TP 316 Pip"
grades/ASTM-A312-TP-316L-Pipes-Tubes-Stockiest-and-supplier.html,grade-product,P2,"astm a312 tp 316l pipes & tubes supplier stockist","ASTM A312 TP 316L Pipes & Tubes, ASTM A312 TP 316L Pipes & Tubes supplier, ASTM A312 TP 316L Pipes & Tubes stockist, ASTM A312 TP 316L Pipes & Tubes exporter, ASTM A312 TP 316L Pipes & Tubes manufacturer, ASTM A312 TP 31"
grades/ASTM-A312-TP-317-Pipes-Tubes-Stockiest-and-supplier.html,grade-product,P2,"astm a312 tp 317 pipes & tubes supplier stockist","ASTM A312 TP 317 Pipes & Tubes, ASTM A312 TP 317 Pipes & Tubes supplier, ASTM A312 TP 317 Pipes & Tubes stockist, ASTM A312 TP 317 Pipes & Tubes exporter, ASTM A312 TP 317 Pipes & Tubes manufacturer, ASTM A312 TP 317 Pip"
grades/ASTM-A312-TP-317L-Pipes-Tubes-Stockiest-and-supplier.html,grade-product,P2,"astm a312 tp 317l pipes & tubes supplier stockist","ASTM A312 TP 317L Pipes & Tubes, ASTM A312 TP 317L Pipes & Tubes supplier, ASTM A312 TP 317L Pipes & Tubes stockist, ASTM A312 TP 317L Pipes & Tubes exporter, ASTM A312 TP 317L Pipes & Tubes manufacturer, ASTM A312 TP 31"
grades/ASTM-A312-TP-321-Pipes-Tubes-Stockiest-and-supplier.html,grade-product,P2,"astm a312 tp 321 pipes & tubes supplier stockist","ASTM A312 TP 321 Pipes & Tubes, ASTM A312 TP 321 Pipes & Tubes supplier, ASTM A312 TP 321 Pipes & Tubes stockist, ASTM A312 TP 321 Pipes & Tubes exporter, ASTM A312 TP 321 Pipes & Tubes manufacturer, ASTM A312 TP 321 Pip"
grades/ASTM-A312-TP-347-Pipes-Tubes-Stockiest-and-supplier.html,grade-product,P2,"astm a312 tp 347 pipes & tubes supplier stockist","ASTM A312 TP 347 Pipes & Tubes, ASTM A312 TP 347 Pipes & Tubes supplier, ASTM A312 TP 347 Pipes & Tubes stockist, ASTM A312 TP 347 Pipes & Tubes exporter, ASTM A312 TP 347 Pipes & Tubes manufacturer, ASTM A312 TP 347 Pip"
grades/ASTM-A312-TP-904L-Pipes-Tubes-Stockiest-and-supplier.html,grade-product,P2,"astm a312 tp 904l pipes & tubes supplier stockist","ASTM A312 TP 904L Pipes & Tubes, ASTM A312 TP 904L Pipes & Tubes supplier, ASTM A312 TP 904L Pipes & Tubes stockist, ASTM A312 TP 904L Pipes & Tubes exporter, ASTM A312 TP 904L Pipes & Tubes manufacturer, ASTM A312 TP 90"
grades/ASTM-A333-Low-Temperature-Pipes-Stockiest-and-supplier.html,grade-product,P2,"astm a333 low temperature pipes supplier stockist","ASTM A333 Low Temperature Pipes, ASTM A333 Low Temperature Pipes supplier, ASTM A333 Low Temperature Pipes stockist, ASTM A333 Low Temperature Pipes exporter, ASTM A333 Low Temperature Pipes manufacturer, ASTM A333 Low T"
grades/ASTM-A334-Heat-Exchanger-Tubes-Stockiest-and-supplier.html,grade-product,P2,"astm a334 heat exchanger tubes supplier stockist","ASTM A334 Heat Exchanger Tubes, ASTM A334 Heat Exchanger Tubes supplier, ASTM A334 Heat Exchanger Tubes stockist, ASTM A334 Heat Exchanger Tubes exporter, ASTM A334 Heat Exchanger Tubes manufacturer, ASTM A334 Heat Excha"
grades/ASTM-A335-P11-Pipes-Stockiest-and-supplier.html,grade-product,P2,"astm a335 p11 pipes supplier stockist","ASTM A335 P11 Pipes, ASTM A335 P11 Pipes supplier, ASTM A335 P11 Pipes stockist, ASTM A335 P11 Pipes exporter, ASTM A335 P11 Pipes manufacturer, ASTM A335 P11 Pipes price, global supplier, stockist, exporter, manufacture"
grades/ASTM-A335-P12-Pipes-Stockiest-and-supplier.html,grade-product,P2,"astm a335 p12 pipes supplier stockist","ASTM A335 P12 Pipes, ASTM A335 P12 Pipes supplier, ASTM A335 P12 Pipes stockist, ASTM A335 P12 Pipes exporter, ASTM A335 P12 Pipes manufacturer, ASTM A335 P12 Pipes price, global supplier, stockist, exporter, manufacture"
grades/ASTM-A335-P22-Pipes-Stockiest-and-supplier.html,grade-product,P2,"astm a335 p22 pipes supplier stockist","ASTM A335 P22 Pipes, ASTM A335 P22 Pipes supplier, ASTM A335 P22 Pipes stockist, ASTM A335 P22 Pipes exporter, ASTM A335 P22 Pipes manufacturer, ASTM A335 P22 Pipes price, global supplier, stockist, exporter, manufacture"
grades/ASTM-A335-P5-Pipes-Stockiest-and-supplier.html,grade-product,P2,"astm a335 p5 pipes supplier stockist","ASTM A335 P5 Pipes, ASTM A335 P5 Pipes supplier, ASTM A335 P5 Pipes stockist, ASTM A335 P5 Pipes exporter, ASTM A335 P5 Pipes manufacturer, ASTM A335 P5 Pipes price, global supplier, stockist, exporter, manufacturer, met"
grades/ASTM-A335-P9-Pipes-Stockiest-and-supplier.html,grade-product,P2,"astm a335 p9 pipes supplier stockist","ASTM A335 P9 Pipes, ASTM A335 P9 Pipes supplier, ASTM A335 P9 Pipes stockist, ASTM A335 P9 Pipes exporter, ASTM A335 P9 Pipes manufacturer, ASTM A335 P9 Pipes price, global supplier, stockist, exporter, manufacturer, met"
grades/ASTM-A335-P91-Pipes-Stockiest-and-supplier.html,grade-product,P2,"astm a335 p91 pipes supplier stockist","ASTM A335 P91 Pipes, ASTM A335 P91 Pipes supplier, ASTM A335 P91 Pipes stockist, ASTM A335 P91 Pipes exporter, ASTM A335 P91 Pipes manufacturer, ASTM A335 P91 Pipes price, global supplier, stockist, exporter, manufacture"
grades/ASTM-A335-P92-Pipes-Stockiest-and-supplier.html,grade-product,P2,"astm a335 p92 pipes supplier stockist","ASTM A335 P92 Pipes, ASTM A335 P92 Pipes supplier, ASTM A335 P92 Pipes stockist, ASTM A335 P92 Pipes exporter, ASTM A335 P92 Pipes manufacturer, ASTM A335 P92 Pipes price, global supplier, stockist, exporter, manufacture"
"grades/ASTM-A350-LF2 Carbon Steel Flanges-Stockiest-and-supplier.html",grade-product,P2,"astm a350 lf2 carbon steel flanges supplier stockist","ASTM A350 LF2 Carbon Steel flanges, ASTM A350 LF2 Carbon Steel flanges supplier, ASTM A350 LF2 Carbon Steel flanges stockist, ASTM A350 LF2 Carbon Steel flanges exporter, ASTM A350 LF2 Carbon Steel flanges manufacturer, "
"grades/ASTM-A350-LF2-1 Screwed & Forged Fitting-Stockiest-and-supplier.html",grade-product,P2,"astm a350 lf2 screwed & forged fitting supplier stockist","ASTM A350 LF2 screwed & forged Fitting, ASTM A350 LF2 screwed & forged Fitting supplier, ASTM A350 LF2 screwed & forged Fitting stockist, ASTM A350 LF2 screwed & forged Fitting exporter, ASTM A350 LF2 screwed & forged Fi"
"grades/ASTM-A350-LF3 Carbon Steel Flanges-Stockiest-and-supplier.html",grade-product,P2,"astm a350 lf3 carbon steel flanges supplier stockist","ASTM A350 LF3 Carbon Steel flanges, ASTM A350 LF3 Carbon Steel flanges supplier, ASTM A350 LF3 Carbon Steel flanges stockist, ASTM A350 LF3 Carbon Steel flanges exporter, ASTM A350 LF3 Carbon Steel flanges manufacturer, "
"grades/ASTM-A350-LF3-1 screwed & forged Fitting-Stockiest-and-supplier.html",grade-product,P2,"astm a350 lf3 screwed & forged fitting supplier stockist","ASTM A350 LF3 screwed & forged Fitting, ASTM A350 LF3 screwed & forged Fitting supplier, ASTM A350 LF3 screwed & forged Fitting stockist, ASTM A350 LF3 screwed & forged Fitting exporter, ASTM A350 LF3 screwed & forged Fi"
grades/ASTM-A420-WPL3-Butt-Weld-Pipe-Fittings-Stockiest-and-supplier.html,grade-product,P2,"astm a420 wpl3 butt-weld pipe fitting supplier stockist","ASTM A420 WPL3 Butt-Weld Pipe Fitting, ASTM A420 WPL3 Butt-Weld Pipe Fitting supplier, ASTM A420 WPL3 Butt-Weld Pipe Fitting stockist, ASTM A420 WPL3 Butt-Weld Pipe Fitting exporter, ASTM A420 WPL3 Butt-Weld Pipe Fitting"
grades/ASTM-A420-WPL6-Butt-Weld-Pipe-Fittings-Stockiest-and-supplier.html,grade-product,P2,"astm a420 wpl6 butt-weld pipe fitting supplier stockist","ASTM A420 WPL6 Butt-Weld Pipe Fitting, ASTM A420 WPL6 Butt-Weld Pipe Fitting supplier, ASTM A420 WPL6 Butt-Weld Pipe Fitting stockist, ASTM A420 WPL6 Butt-Weld Pipe Fitting exporter, ASTM A420 WPL6 Butt-Weld Pipe Fitting"
grades/ASTM-A53-Pipes-Tubes-Stockiest-and-supplier.html,grade-product,P2,"astm a53 pipes & tubes supplier stockist","ASTM A53 Pipes & Tubes, ASTM A53 Pipes & Tubes supplier, ASTM A53 Pipes & Tubes stockist, ASTM A53 Pipes & Tubes exporter, ASTM A53 Pipes & Tubes manufacturer, ASTM A53 Pipes & Tubes price, global supplier, stockist, exp"
"grades/ASTM-A694-F42,F46,F52,F56,F60,F65,F70 Carbon steel Flanges-Stockiest-and-supplier.html",grade-product,P2,"astm a694 f42/f46/f52/f56/f60/f65/f70 carbon steel flange supplier stockist","ASTM A694 F42/F46/F52/F56/F60/F65/F70 Carbon Steel Flange, ASTM A694 F42/F46/F52/F56/F60/F65/F70 Carbon Steel Flange supplier, ASTM A694 F42/F46/F52/F56/F60/F65/F70 Carbon Steel Flange stockist, ASTM A694 F42/F46/F52/F56"
"grades/ASTM-A694-F42-F46-F52-F56-F60-F65-F70-Forged Fitting-Stockiest-and-supplier.html",grade-product,P2,"astm a694 f42/f46/f52/f56/f60/f65/f70 forged fitting supplier stockist","ASTM A694 F42/F46/F52/F56/F60/F65/F70 forged fitting, ASTM A694 F42/F46/F52/F56/F60/F65/F70 forged fitting supplier, ASTM A694 F42/F46/F52/F56/F60/F65/F70 forged fitting stockist, ASTM A694 F42/F46/F52/F56/F60/F65/F70 fo"
grades/Duplex-Steel-S31803-Pipes-Stockiest-and-supplier.html,grade-product,P2,"duplex steel s31803 pipes supplier stockist","Duplex Steel S31803 Pipes, Duplex Steel S31803 Pipes supplier, Duplex Steel S31803 Pipes stockist, Duplex Steel S31803 Pipes exporter, Duplex Steel S31803 Pipes manufacturer, Duplex Steel S31803 Pipes price, global suppl"
grades/Duplex-Steel-S32205-Pipes-Stockiest-and-supplier.html,grade-product,P2,"duplex steel s32205 pipes supplier stockist","Duplex Steel S32205 Pipes, Duplex Steel S32205 Pipes supplier, Duplex Steel S32205 Pipes stockist, Duplex Steel S32205 Pipes exporter, Duplex Steel S32205 Pipes manufacturer, Duplex Steel S32205 Pipes price, global suppl"
grades/EN-10216-Grade-Steel-Pipes-Stockiest-and-supplier.html,grade-product,P2,"en 10216 grade steel pipes supplier stockist","EN 10216 Grade Steel Pipes, EN 10216 Grade Steel Pipes supplier, EN 10216 Grade Steel Pipes stockist, EN 10216 Grade Steel Pipes exporter, EN 10216 Grade Steel Pipes manufacturer, EN 10216 Grade Steel Pipes price, global"
grades/EN-10297-Grade-Steel-Pipes-Stockiest-and-supplier.html,grade-product,P2,"en 10297 grade steel pipes supplier stockist","EN 10297 Grade Steel Pipes, EN 10297 Grade Steel Pipes supplier, EN 10297 Grade Steel Pipes stockist, EN 10297 Grade Steel Pipes exporter, EN 10297 Grade Steel Pipes manufacturer, EN 10297 Grade Steel Pipes price, global"
grades/EN-57-Grade-Steel-Pipes-Stockiest-and-supplier.html,grade-product,P2,"en 57 grade steel pipes supplier stockist","EN 57 Grade Steel Pipes, EN 57 Grade Steel Pipes supplier, EN 57 Grade Steel Pipes stockist, EN 57 Grade Steel Pipes exporter, EN 57 Grade Steel Pipes manufacturer, EN 57 Grade Steel Pipes price, global supplier, stockis"
grades/EN-58A-Grade-Steel-Pipes-Stockiest-and-supplier.html,grade-product,P2,"en 58a grade steel pipes wp1 butt-weld pipe fitting supplier stockist","EN 58A Grade Steel Pipes WP1 Butt-Weld Pipe Fitting, EN 58A Grade Steel Pipes WP1 Butt-Weld Pipe Fitting supplier, EN 58A Grade Steel Pipes WP1 Butt-Weld Pipe Fitting stockist, EN 58A Grade Steel Pipes WP1 Butt-Weld Pipe"
grades/EN-58C-Grade-Steel-Pipes-Stockiest-and-supplier.html,grade-product,P2,"en 58c grade steel pipes supplier stockist","EN 58C Grade Steel Pipes, EN 58C Grade Steel Pipes supplier, EN 58C Grade Steel Pipes stockist, EN 58C Grade Steel Pipes exporter, EN 58C Grade Steel Pipes manufacturer, EN 58C Grade Steel Pipes price, global supplier, s"
grades/EN-58E-Grade-Steel-Pipes-Stockiest-and-supplier.html,grade-product,P2,"en 58e grade steel pipes wp1 butt-weld pipe fitting supplier stockist","EN 58E Grade Steel Pipes WP1 Butt-Weld Pipe Fitting, EN 58E Grade Steel Pipes WP1 Butt-Weld Pipe Fitting supplier, EN 58E Grade Steel Pipes WP1 Butt-Weld Pipe Fitting stockist, EN 58E Grade Steel Pipes WP1 Butt-Weld Pipe"
grades/EN-58G-Grade-Steel-Pipes-Stockiest-and-supplier.html,grade-product,P2,"en 58g grade steel pipes supplier stockist","EN 58G Grade Steel Pipes, EN 58G Grade Steel Pipes supplier, EN 58G Grade Steel Pipes stockist, EN 58G Grade Steel Pipes exporter, EN 58G Grade Steel Pipes manufacturer, EN 58G Grade Steel Pipes price, global supplier, s"
grades/EN-58H-Grade-Steel-Pipes-Stockiest-and-supplier.html,grade-product,P2,"en 58h grade steel pipes supplier stockist","EN 58H Grade Steel Pipes, EN 58H Grade Steel Pipes supplier, EN 58H Grade Steel Pipes stockist, EN 58H Grade Steel Pipes exporter, EN 58H Grade Steel Pipes manufacturer, EN 58H Grade Steel Pipes price, global supplier, s"
grades/EN-58M-Grade-Steel-Pipes-Stockiest-and-supplier.html,grade-product,P2,"en 58m grade steel pipes wp1 butt-weld pipe fitting supplier stockist","EN 58M Grade Steel Pipes WP1 Butt-Weld Pipe Fitting, EN 58M Grade Steel Pipes WP1 Butt-Weld Pipe Fitting supplier, EN 58M Grade Steel Pipes WP1 Butt-Weld Pipe Fitting stockist, EN 58M Grade Steel Pipes WP1 Butt-Weld Pipe"
grades/EN-58j-Grade-Steel-Pipes-Stockiest-and-supplier.html,grade-product,P2,"en 58j grade steel pipes supplier stockist","EN 58j Grade Steel Pipes, EN 58j Grade Steel Pipes supplier, EN 58j Grade Steel Pipes stockist, EN 58j Grade Steel Pipes exporter, EN 58j Grade Steel Pipes manufacturer, EN 58j Grade Steel Pipes price, global supplier, s"
grades/EN-60-Grade-Steel-Pipes-Stockiest-and-supplier.html,grade-product,P2,"en 60 grade steel pipes supplier stockist","EN 60 Grade Steel Pipes, EN 60 Grade Steel Pipes supplier, EN 60 Grade Steel Pipes stockist, EN 60 Grade Steel Pipes exporter, EN 60 Grade Steel Pipes manufacturer, EN 60 Grade Steel Pipes price, global supplier, stockis"
grades/Hastelloy-C22-Pipes-Stockiest-and-Supplier.html,grade-product,P2,"hastelloy c22 pipes supplier stockist","Hastelloy C22 Pipes, Hastelloy C22 Pipes supplier, Hastelloy C22 Pipes stockist, Hastelloy C22 Pipes exporter, Hastelloy C22 Pipes manufacturer, Hastelloy C22 Pipes price, global supplier, stockist, exporter, manufacture"
grades/Hastelloy-C276-Pipes-Stockiest-and-Supplier.html,grade-product,P2,"hastelloy c276 pipes supplier stockist","Hastelloy C276 Pipes, Hastelloy C276 Pipes supplier, Hastelloy C276 Pipes stockist, Hastelloy C276 Pipes exporter, Hastelloy C276 Pipes manufacturer, Hastelloy C276 Pipes price, global supplier, stockist, exporter, manuf"
grades/Incoloy-600-Pipes-Stockiest-and-Supplier.html,grade-product,P2,"incoloy 600 pipes supplier stockist","Incoloy 600 Pipes, Incoloy 600 Pipes supplier, Incoloy 600 Pipes stockist, Incoloy 600 Pipes exporter, Incoloy 600 Pipes manufacturer, Incoloy 600 Pipes price, global supplier, stockist, exporter, manufacturer, metal tub"
grades/Incoloy-825-Pipes-Stockiest-and-Supplier.html,grade-product,P2,"incoloy 825 pipes supplier stockist","Incoloy 825 Pipes, Incoloy 825 Pipes supplier, Incoloy 825 Pipes stockist, Incoloy 825 Pipes exporter, Incoloy 825 Pipes manufacturer, Incoloy 825 Pipes price, global supplier, stockist, exporter, manufacturer, metal tub"
"grades/MSS-SP-75-WPHY-42,46,52,56,60,65,70 Butt-weld pipes fitting-Stockiest-and-supplier.html",grade-product,P2,"mss sp 75 wphy 42-46-52-56-60-65-70 butt-weld pipes fittings supplier stockist","MSS SP 75 WPHY 42-46-52-56-60-65-70 Butt-Weld pipes fittings, MSS SP 75 WPHY 42-46-52-56-60-65-70 Butt-Weld pipes fittings supplier, MSS SP 75 WPHY 42-46-52-56-60-65-70 Butt-Weld pipes fittings stockist, MSS SP 75 WPHY 4"
grades/Monel-400-Pipes-Stockiest-and-Supplier.html,grade-product,P2,"monel 400 pipes supplier stockist","Monel 400 Pipes, Monel 400 Pipes supplier, Monel 400 Pipes stockist, Monel 400 Pipes exporter, Monel 400 Pipes manufacturer, Monel 400 Pipes price, global supplier, stockist, exporter, manufacturer, metal tubular product"
grades/Monel-K500-Pipes-Stockiest-and-Supplier.html,grade-product,P2,"monel k500 pipes supplier stockist","Monel K500 Pipes, Monel K500 Pipes supplier, Monel K500 Pipes stockist, Monel K500 Pipes exporter, Monel K500 Pipes manufacturer, Monel K500 Pipes price, global supplier, stockist, exporter, manufacturer, metal tubular p"
grades/Nickel-200-Pipes-Stockiest-and-supplier.html,grade-product,P2,"nickel 200 pipes supplier stockist","Nickel 200 Pipes, Nickel 200 Pipes supplier, Nickel 200 Pipes stockist, Nickel 200 Pipes exporter, Nickel 200 Pipes manufacturer, Nickel 200 Pipes price, global supplier, stockist, exporter, manufacturer, metal tubular p"
grades/Nickel-201-Pipes-Stockiest-and-supplier.html,grade-product,P2,"nickel 201 pipes supplier stockist","Nickel 201 Pipes, Nickel 201 Pipes supplier, Nickel 201 Pipes stockist, Nickel 201 Pipes exporter, Nickel 201 Pipes manufacturer, Nickel 201 Pipes price, global supplier, stockist, exporter, manufacturer, metal tubular p"
grades/Super-Duplex-S32550-Pipes-Stockiest-and-supplier.html,grade-product,P2,"super duplex s32550 pipes supplier stockist","Super Duplex S32550 Pipes, Super Duplex S32550 Pipes supplier, Super Duplex S32550 Pipes stockist, Super Duplex S32550 Pipes exporter, Super Duplex S32550 Pipes manufacturer, Super Duplex S32550 Pipes price, global suppl"
grades/Super-Duplex-S32750-Pipes-Stockiest-and-supplier.html,grade-product,P2,"super duplex s32750 pipes supplier stockist","Super Duplex S32750 Pipes, Super Duplex S32750 Pipes supplier, Super Duplex S32750 Pipes stockist, Super Duplex S32750 Pipes exporter, Super Duplex S32750 Pipes manufacturer, Super Duplex S32750 Pipes price, global suppl"
grades/Super-Duplex-S32760-Pipes-Stockiest-and-supplier.html,grade-product,P2,"super duplex s32760 pipes supplier stockist","Super Duplex S32760 Pipes, Super Duplex S32760 Pipes supplier, Super Duplex S32760 Pipes stockist, Super Duplex S32760 Pipes exporter, Super Duplex S32760 Pipes manufacturer, Super Duplex S32760 Pipes price, global suppl"
h2-testing-service.html,service-testing,P2,"h2 testing service testing service","H2 Testing Service, H2 Testing Service service, H2 Testing Service testing service, industrial testing services, quality inspection services, global supplier, stockist, exporter, manufacturer, metal tubular products"
hic-testing-service.html,service-testing,P2,"hic testing service testing service","HIC Testing Service, HIC Testing Service service, HIC Testing Service testing service, industrial testing services, quality inspection services, global supplier, stockist, exporter, manufacturer, metal tubular products"
hydro-testing-services.html,service-testing,P2,"hydro testing services testing service","Hydro Testing Services, Hydro Testing Services service, Hydro Testing Services testing service, industrial testing services, quality inspection services, global supplier, stockist, exporter, manufacturer, metal tubular p"
index.html,homepage,P1,"global pipes tubes fittings flanges supplier","global pipes supplier, tubes fittings flanges supplier, industrial steel products exporter, metal tubular products, project supply worldwide"
industries-we-serve.html,trust-corporate,P2,"industries-we-serve metal tubular products","industries-we-serve, industries-we-serve metal tubular products, global industrial supplier, quality and technical support, international supply capability"
nace-testing-services.html,service-testing,P2,"nace testing testing service","NACE testing, NACE testing service, NACE testing testing service, industrial testing services, quality inspection services, global supplier, stockist, exporter, manufacturer, metal tubular products"
pipes-and-tubes.html,product-category,P1,"pipes & tubes supplier","Pipes & Tubes, Pipes & Tubes supplier, Pipes & Tubes stockist, industrial piping products, project procurement, global supplier, stockist, exporter, manufacturer, metal tubular products"
pmi-testing-service.html,service-testing,P2,"pmi testing service testing service","PMI Testing Service, PMI Testing Service service, PMI Testing Service testing service, industrial testing services, quality inspection services, global supplier, stockist, exporter, manufacturer, metal tubular products"
quality-assurance.html,trust-corporate,P2,"quality-assurance metal tubular products","quality-assurance, quality-assurance metal tubular products, global industrial supplier, quality and technical support, international supply capability"
search-your-grades.html,product-category,P1,"material grades directory supplier","Material Grades Directory, Material Grades Directory supplier, Material Grades Directory stockist, industrial piping products, project procurement, global supplier, stockist, exporter, manufacturer, metal tubular product"
ssc-testing-services.html,service-testing,P2,"stress corrosion cracking (ssc) testing service","Stress Corrosion Cracking (SSC), Stress Corrosion Cracking (SSC) service, Stress Corrosion Cracking (SSC) testing service, industrial testing services, quality inspection services, global supplier, stockist, exporter, ma"
technical-and-support.html,trust-corporate,P2,"technical-and-support metal tubular products","technical-and-support, technical-and-support metal tubular products, global industrial supplier, quality and technical support, international supply capability"
